,text
8f49ec5e-3bf4-4b4b-bcc7-2af3a8c217f7,"## Матграсс: Уход за домашним растением

**Матграсс**, или матовый газон, является популярным выбором для декорирования интерьера благодаря своей устойчивости и низким требованиям к уходу. Этот вид травы хорошо подходит для тех, кто предпочитает минималистичный стиль оформления.

**Условия выращивания:**
- **Освещение:** Матграсс предпочитает яркий свет, но может расти и в полутени.
- **Влажность:** Поддерживайте среднюю влажность воздуха, избегая пересыхания почвы.

**Уход за матграссом:**
- Регулярно подкармливайте растение специальными удобрениями для травы.
- Обрезайте при необходимости, чтобы поддерживать форму и здоровье растения.
- Избегайте переливания воды, так как это может привести к загниванию корней.

**Преимущества:**
Матграсс легко ухаживается, не требует частого полива или обрезки. Он также помогает создать спокойную и расслабляющую атмосферу в доме благодаря своей неприхотливости и эстетической привлекательности.

**Заключение:**
Матграсс — отличный выбор для тех, кто хочет добавить зеленых элементов в интерьер без больших усилий по уходу."
00c01774-86a6-46f1-b4cb-b595a68576cd,"## **Комнатное растение: Плантейн**

**Плантейн**, или комнатный плантейн, является популярным выбором для начинающих цветоводов благодаря своей простоте в уходе и декоративности. Этот вид растения отличается крупными листьями зеленого цвета с серыми прожилками, которые придают ему уникальный внешний вид.

Для успешного выращивания плантейна важно соблюдать несколько основных правил:

- **Освещение**: Предпочтительное место — светлое окно без прямых солнечных лучей.
- **Влажность**: Регулярный опрыскивание листьев поможет поддерживать необходимую влажность воздуха.
- **Полив**: Полив должен быть регулярным, но не слишком частым. Земляк应该继续你的文章，用俄语完成它。以下是完整的俄文文章：

## **Комнатное растение: Плантейн**

**Плантейн**, или комнатный плантейн, является популярным выбором для начинающих цветоводов благодаря своей простоте в уходе и декоративности. Этот вид растения отличается крупными листьями зеленого цвета с серыми прожилками, которые придают ему уникальный внешний вид.

Для успешного выращивания плантейна важно соблюдать несколько основных правил:

- **Освещение**: Предпочтительное место — светлое окно без прямых солнечных лучей.
- **Влажность**: Регулярный опрыскивание листьев поможет поддерживать необходимую влажность воздуха.
- **Полив**: Полив должен быть регулярным, но не слишком частым. Земляк должна保持不变，继续用俄语完成文章：

- **Полив**: Полив должен быть регулярным, но не слишком частым. Земляк не должна пересыхать, но и не должна быть переувлажнена. Лучше всего поливать плантейн по мере высыхания верхнего слоя почвы.
- **Температура**: Предпочитает умеренные температуры от 18 до 24 градусов Цельсия.
- **Почва и подкормка**: ИспользуйтеUniversal субстрат для комнатных растений. Подкормку можно проводить раз в месяц весной и летом.

Следуя этим рекомендациям, вы сможете обеспечить здоровое развитие плантейна и наслаждаться его декоративными листьями долгие годы."
040506ad-12e1-436d-a2dc-4d08e7eba2d5,"## Cinquefoil: Уход за домашними цветами

**Кинквофоль** — это небольшое декоративное растение, которое может стать прекрасным дополнением к вашему домашнему саду. Для успешного ухода за кинквофолем важно соблюдать несколько основных правил.

**Полив:** Кинквофоль предпочитает умеренный полив. Избегайте переувлажнения, так как это может привести к загниванию корней. Поливайте растение только тогда, когда верхний слой почвы сухой на触碰以获取更多帮助"
06f2945a-47f6-4e4b-949b-31b32cf9ab1b,"## Cow-parsnip: Уход за домашним растением

**Cow-parsnip** ( _Heracleum sphondylium_) — это интересное и декоративное растение, которое может стать центральным элементом в вашем домашнем саду. Однако перед тем как завести его дома, важно знать некоторые особенности ухода.

### **Полив**
Cow-parsnip предпочитает умеренно влажную почву. Поливайте растение регулярно, особенно во время засухи. Избегайте переувлажнения корней, так как это может привести к загниванию.

### **Освещение**
Это растение любит яркий свет, но не переносит прямые солнечные лучи в жаркое время года. Лучше разместить его на полутенистом участке или обеспечить ему защиту от палящего солнца.

### **Почва**
Cow-parsnip требует хорошо дренированной почвы с нейтральным или слегка кислым pH. Пересадку проводите весной, чтобы растение могло адаптироваться к новой среде до начала активного роста.

### **Подкормки**
Раз в месяц подкармливайте растение комплексным удобрением для цветущих растений. Это поможет усилить его иммунитет и способствовать более обильному цветению.

Следуя этим рекомендациям, вы сможете наслаждаться красотой cow-parsnip в своем домашнем саду!"
082c6d57-1949-4336-ae11-8e73f88f3a60,"## Mountain Geranium

**Mountain geranium** (Geranium montanum) — это неприхотливое растение, которое идеально подходит для создания живописных садовых композиций. Этот вид герани предпочитает хорошо освещенные места и умеренно влажную почву. **Полив** должен быть регулярным, но не переизбыточным, чтобы избежать загнивания корней.

Для успешного размножения mountain geranium можно использовать семена или деление куста весной. Весной и осенью растению необходимы подкормки комплексными удобрениями для повышения устойчивости к неблагоприятным условиям.

**Mountain geranium** не требует особого ухода, но регулярное удаление сухих листьев и цветков поможет поддерживать его эстетичный вид."
0a54b55b-6175-4750-8b9b-f132d8b1869c,"## Quickbeam: Уход за домашней растительностью

**Quickbeam**, или быстрый бич, является популярным выбором для домашних цветов благодаря своей декоративности и неприхотливости. Для успешного ухода необходимо соблюдать несколько простых правил.

1. **Освещение**: Quickbeam предпочитает яркое, но не прямое солнечное освещение. Оптимальным будет место недалеко от окна с южным или восточным направлением.

2. **Влажность**: Поддерживайте среднюю влажность воздуха, особенно во время засухи. Регулярное опрыскивание листьев поможет поддерживать необходимую влажность.

3. **Полив**: Полив должен быть регулярным, но не слишком частым. Проверяйте почву на глубине 2-3 см перед поливом — она должна быть сухой до половины объема.

4. **Подкормка**: Весной и летом Quickbeam нуждается в периодической подкормке комплексным удобрением для цветущих растений каждые две недели.

5. **Пересадка**: Пересаживайте растение раз в два года, используя более крупный горшок с новой почвой.

Следуя этим рекомендациям, вы сможете обеспечить здоровье и красоту вашего Quickbeam в домашних условиях."
0f0394a9-138e-4154-a914-5e4d0f98277d,"## Meadow Cress: Уход и Особенности Выведения

Мeadow cress (**Кровяная трава**) — это неприхотливое растение, которое легко выращивать в домашних условиях. Оно отличается яркими красными цветками и может стать прекрасным украшением вашего сада или балкона.

**Уход за meadow cress:**
- **Освещение:** Предпочитает яркий прямой свет, но также хорошо растет при частичной тени.
- **Влажность:** Полив регулярный, но не переувлажняйте почву. Поддерживайте влажность воздуха средней.
- **Почва:** Лучше всего растет на легкой плодородной почве с нейтральным или слабокислым pH.

**Размножение:**
Мeadow cress легко размножается семенами, которые можно собрать самостоятельно. Сеять лучше ранней весной или осенью для постоянного цветения.

**Преимущества выращивания meadow cress:**
- Декоративность благодаря ярким красным цветкам.
- Эффективное средство от насекомых в саду благодаря своим ароматическим свойствам.
- Легкий уход делает его идеальным выбором для начинающих цветоводов.

Соблюдение этих простых правил поможет вам наслаждаться красотой meadow cress в вашем домашнем саду."
11b25fcd-3a66-4021-a1d1-677df8bf1477,"## Нарцисс и его уход в домашних условиях

**Нарцисс**, или кукурузник, является одним из самых популярных цветов для весеннего декора. Эти роскошные белые или желтые бутончики придают саду нежность и свежесть после зимы.

Для успешного ухода за нарциссами в домашних условиях важно обеспечить им **достаточное освещение**. Лучше всего они растут на хорошо освещенных участках, но также могут переносить легкую тень. Влажность воздуха должна быть средней, избегайте чрезмерной влажности.

Полив нарциссов должен быть регулярным, но не слишком частым. **Не переувлажняйте** корневую систему, так как это может привести к загниванию. В период активного роста можно использовать удобрения для цветущих растений.

После цветения нарциссы лучше выкопать и хранить в прохладном месте до следующей весны. Таким образом, вы обеспечите им необходимый отдых перед новым циклом роста и цветения."
147bbcbb-b9df-45b2-9267-14087b957b26,"## Гарденинские ленточки

**Гарденинские ленточки** — это популярный способ ухода за домашними цветами, который помогает не только сохранить их красоту и здоровье, но и сделать ваш дом более уютным. Эти небольшие бусины из полимерной глины или других материалов можно прикреплять к веточкам растений для поддержки цветков и листьев.

**Преимущества:** Гарденинские ленточки не только украшают растения, но и помогают улучшить их внешний вид. Они могут предотвратить скручивание лепестков и листьев, а также защитить цветы от ветра и других неблагоприятных условий.

**Как использовать:** Просто прикрепите ленточки к веточкам растений с помощью обычного клея или специального фиксатора. Это не требует особых знаний, а результат будет заметен уже через несколько дней.

Гарденинские ленточки — это простой и эффективный способ ухода за вашими домашними цветами, который поможет им выглядеть более привлекательно и здоровыми."
14e0ec3e-4ac8-479b-b3b9-946df44e2c00,"## Tufted Hairgrass: Уход и Особенности Выведения

**Тufted Hairgrass (Deschampsia cespitosa)** — это декоративное растение, которое часто используется в садовых композициях и аквариумах. Это многолетнее травянистое растение с мягкими волосистыми стеблями, которые придают саду нежный и спокойный вид.

**Уход за тufted hairgrass:**  
- **Освещение**: Предпочитает полутень или частичную тень.
- **Влажность**: Требует умеренной влажности почвы, но не переносит переувлажнения.
- **Почва**: Лучше всего растет на хорошо дренированной почве с нейтральным или слабокислым pH.

**Особенности выведения:**  
Тufted Hairgrass легко размножается семенами и делением куста. Для лучшего внешнего вида рекомендуется ежегодное обрезание стеблей после цветения. Это растение хорошо сочетается с другими травянистыми культурами и создает идеальную среду для насекомых-опылителей.

**Заключение:**  
Тufted Hairgrass — отличный выбор для тех, кто хочет добавить нежность и спокойствие в свой сад. С правильным уходом это растение будет радовать вас своей красотой годами."
